year,country_code_a3,country_label,historical_brent_usd,fiscal_stress_score,reserve_runway_risk,social_stability_risk,chain_transmission_severity,right_now_risk_score,missing_components,rescaled_weights,stress_status,brent_live_usd,fiscal_breakeven_usd,price_gap_usd,reserve_runway_months,runway_status,confidence,chain_severity_raw,primary_driver,snapshot_year,scenario,method_version,missing_components_count
2015,IRN,Iran,53.5,0.5884441403678923,0.9777777777777777,0.30308832358578924,,0.6387719478629557,chain_transmission_severity_recent [no chain data available],"{'fiscal_stress_score': 0.4375, 'reserve_runway_risk': 0.3125, 'social_stability_risk': 0.25}",Red,53.502261752174014,130,-76.49773824782599,6.666666666666667,Red,low,,Reserve runway,2015,base,1.0,1
2015,BHR,Bahrain,53.5,0.4368182973455367,0.7833333333333333,0.4405338103282879,,0.5460331243374109,chain_transmission_severity_recent [no chain data available],"{'fiscal_stress_score': 0.4375, 'reserve_runway_risk': 0.3125, 'social_stability_risk': 0.25}",Red,53.502261752174014,95,-41.497738247825986,12.5,Amber,high,,Reserve runway,2015,base,1.0,1
2015,DZA,Algeria,53.5,0.6036869499838963,0.3666666666666667,0.37796462977382805,,0.47318753139474495,chain_transmission_severity_recent [no chain data available],"{'fiscal_stress_score': 0.4375, 'reserve_runway_risk': 0.3125, 'social_stability_risk': 0.25}",Red,53.502261752174014,135,-81.49773824782599,25.0,Amber,medium,,Fiscal stress,2015,base,1.0,1
2015,IRQ,Iraq,53.5,0.5884441403678923,0.0,0.5617876452859879,,0.3978912227324498,chain_transmission_severity_recent [no chain data available],"{'fiscal_stress_score': 0.4375, 'reserve_runway_risk': 0.3125, 'social_stability_risk': 0.25}",Red,53.502261752174014,130,-76.49773824782599,40.0,Green,medium,,Fiscal stress,2015,base,1.0,1
2015,LBY,Libya,53.5,0.5347629412854433,0.0,0.5242931318803145,,0.36503206978246006,chain_transmission_severity_recent [no chain data available],"{'fiscal_stress_score': 0.4375, 'reserve_runway_risk': 0.3125, 'social_stability_risk': 0.25}",Red,53.502261752174014,115,-61.497738247825986,100.0,Green,low,,Fiscal stress,2015,base,1.0,1
2015,OMN,Oman,53.5,0.4055304249758443,0.19999999999999996,0.3609334585639558,,0.3301529255679208,chain_transmission_severity_recent [no chain data available],"{'fiscal_stress_score': 0.4375, 'reserve_runway_risk': 0.3125, 'social_stability_risk': 0.25}",Red,53.502261752174014,90,-36.497738247825986,30.0,Amber,high,,Fiscal stress,2015,base,1.0,1
2015,SAU,Saudi Arabia,53.5,0.3312217280978248,0.0,0.35405519059738944,,0.2334233036921457,chain_transmission_severity_recent [no chain data available],"{'fiscal_stress_score': 0.4375, 'reserve_runway_risk': 0.3125, 'social_stability_risk': 0.25}",Red,53.502261752174014,80,-26.497738247825986,143.33333333333334,Green,high,,Fiscal stress,2015,base,1.0,1
2015,LBN,Lebanon,53.5,0.0,0.0,0.6709677419354838,,0.16774193548387095,chain_transmission_severity_recent [no chain data available],"{'fiscal_stress_score': 0.4375, 'reserve_runway_risk': 0.3125, 'social_stability_risk': 0.25}",Gray,53.502261752174014,0,,,Gray,low,,Social stability,2015,base,1.0,1
2015,ARE,UAE,53.5,0.1768882807357844,0.0,0.2556628617314327,,0.14130433825476385,chain_transmission_severity_recent [no chain data available],"{'fiscal_stress_score': 0.4375, 'reserve_runway_risk': 0.3125, 'social_stability_risk': 0.25}",Red,53.502261752174014,65,-11.497738247825986,133.33333333333334,Green,high,,Fiscal stress,2015,base,1.0,1
2015,JOR,Jordan,53.5,0.0,0.0,0.4305445503723175,,0.10763613759307937,chain_transmission_severity_recent [no chain data available],"{'fiscal_stress_score': 0.4375, 'reserve_runway_risk': 0.3125, 'social_stability_risk': 0.25}",Gray,53.502261752174014,0,,,Gray,high,,Social stability,2015,base,1.0,1
2015,KWT,Kuwait,53.5,0.0,0.0,0.3699364704381176,,0.0924841176095294,chain_transmission_severity_recent [no chain data available],"{'fiscal_stress_score': 0.4375, 'reserve_runway_risk': 0.3125, 'social_stability_risk': 0.25}",Amber,53.502261752174014,50,3.5022617521740145,75.0,Green,high,,Social stability,2015,base,1.0,1
2015,EGY,Egypt,53.5,0.0,0.0,0.34139080239365316,,0.08534770059841329,chain_transmission_severity_recent [no chain data available],"{'fiscal_stress_score': 0.4375, 'reserve_runway_risk': 0.3125, 'social_stability_risk': 0.25}",Amber,53.502261752174014,45,8.502261752174014,38.888888888888886,Green,high,,Social stability,2015,base,1.0,1
2015,QAT,Qatar,53.5,0.027231604505927008,0.0,0.2280220766612978,,0.06891934613666752,chain_transmission_severity_recent [no chain data available],"{'fiscal_stress_score': 0.4375, 'reserve_runway_risk': 0.3125, 'social_stability_risk': 0.25}",Red,53.502261752174014,55,-1.4977382478259855,85.71428571428572,Green,high,,Social stability,2015,base,1.0,1
2015,MAR,Morocco,53.5,0.0,0.0,0.08025132937588858,,0.020062832343972145,chain_transmission_severity_recent [no chain data available],"{'fiscal_stress_score': 0.4375, 'reserve_runway_risk': 0.3125, 'social_stability_risk': 0.25}",Gray,53.502261752174014,0,,,Gray,high,,Social stability,2015,base,1.0,1
2016,IRN,Iran,45.16,0.6526147695688101,0.9777777777777777,0.3223395123460646,,0.671659395328426,chain_transmission_severity_recent [no chain data available],"{'fiscal_stress_score': 0.4375, 'reserve_runway_risk': 0.3125, 'social_stability_risk': 0.25}",Red,45.16007995605469,130,-84.83992004394531,6.666666666666667,Red,low,,Mixed,2016,base,1.0,1
2016,BHR,Bahrain,45.16,0.5246307373046875,0.7833333333333333,0.4668775423160331,,0.5910369998164756,chain_transmission_severity_recent [no chain data available],"{'fiscal_stress_score': 0.4375, 'reserve_runway_risk': 0.3125, 'social_stability_risk': 0.25}",Red,45.16007995605469,95,-49.83992004394531,12.5,Amber,high,,Mixed,2016,base,1.0,1
2016,DZA,Algeria,45.16,0.6654808892144097,0.3666666666666667,0.39650281154298217,,0.5048569252503832,chain_transmission_severity_recent [no chain data available],"{'fiscal_stress_score': 0.4375, 'reserve_runway_risk': 0.3125, 'social_stability_risk': 0.25}",Red,45.16007995605469,135,-89.83992004394531,25.0,Amber,medium,,Fiscal stress,2016,base,1.0,1
2016,IRQ,Iraq,45.16,0.6526147695688101,0.0,0.5810388340462632,,0.43077867019792015,chain_transmission_severity_recent [no chain data available],"{'fiscal_stress_score': 0.4375, 'reserve_runway_risk': 0.3125, 'social_stability_risk': 0.25}",Red,45.16007995605469,130,-84.83992004394531,40.0,Green,medium,,Fiscal stress,2016,base,1.0,1
2016,LBY,Libya,45.16,0.6073036525560462,0.0,0.5460553452614954,,0.40220918430864405,chain_transmission_severity_recent [no chain data available],"{'fiscal_stress_score': 0.4375, 'reserve_runway_risk': 0.3125, 'social_stability_risk': 0.25}",Red,45.16007995605469,115,-69.83992004394531,100.0,Green,low,,Fiscal stress,2016,base,1.0,1
2016,OMN,Oman,45.16,0.4982213338216146,0.19999999999999996,0.38874073121768693,,0.3776570163513781,chain_transmission_severity_recent [no chain data available],"{'fiscal_stress_score': 0.4375, 'reserve_runway_risk': 0.3125, 'social_stability_risk': 0.25}",Red,45.16007995605469,90,-44.83992004394531,30.0,Amber,high,,Fiscal stress,2016,base,1.0,1
2016,SAU,Saudi Arabia,45.16,0.4354990005493164,0.0,0.38533837233283685,,0.28686540582353515,chain_transmission_severity_recent [no chain data available],"{'fiscal_stress_score': 0.4375, 'reserve_runway_risk': 0.3125, 'social_stability_risk': 0.25}",Red,45.16007995605469,80,-34.83992004394531,143.33333333333334,Green,high,,Fiscal stress,2016,base,1.0,1
2016,ARE,UAE,45.16,0.3052295391376202,0.0,0.29416523925198346,,0.20707923318570468,chain_transmission_severity_recent [no chain data available],"{'fiscal_stress_score': 0.4375, 'reserve_runway_risk': 0.3125, 'social_stability_risk': 0.25}",Red,45.16007995605469,65,-19.839920043945312,133.33333333333334,Green,high,,Fiscal stress,2016,base,1.0,1
2016,LBN,Lebanon,45.16,0.0,0.0,0.6709677419354838,,0.16774193548387095,chain_transmission_severity_recent [no chain data available],"{'fiscal_stress_score': 0.4375, 'reserve_runway_risk': 0.3125, 'social_stability_risk': 0.25}",Gray,45.16007995605469,0,,,Gray,low,,Social stability,2016,base,1.0,1
2016,QAT,Qatar,45.16,0.17890763716264205,0.0,0.27352488645831236,,0.14665331287323397,chain_transmission_severity_recent [no chain data available],"{'fiscal_stress_score': 0.4375, 'reserve_runway_risk': 0.3125, 'social_stability_risk': 0.25}",Red,45.16007995605469,55,-9.839920043945312,85.71428571428572,Green,high,,Fiscal stress,2016,base,1.0,1
2016,KWT,Kuwait,45.16,0.09679840087890625,0.0,0.39897599070178946,,0.14209329805996884,chain_transmission_severity_recent [no chain data available],"{'fiscal_stress_score': 0.4375, 'reserve_runway_risk': 0.3125, 'social_stability_risk': 0.25}",Red,45.16007995605469,50,-4.8399200439453125,75.0,Green,high,,Social stability,2016,base,1.0,1
2016,JOR,Jordan,45.16,0.0,0.0,0.4305445503723175,,0.10763613759307937,chain_transmission_severity_recent [no chain data available],"{'fiscal_stress_score': 0.4375, 'reserve_runway_risk': 0.3125, 'social_stability_risk': 0.25}",Gray,45.16007995605469,0,,,Gray,high,,Social stability,2016,base,1.0,1
2016,EGY,Egypt,45.16,0.0,0.0,0.34139080239365316,,0.08534770059841329,chain_transmission_severity_recent [no chain data available],"{'fiscal_stress_score': 0.4375, 'reserve_runway_risk': 0.3125, 'social_stability_risk': 0.25}",Amber,45.16007995605469,45,0.1600799560546875,38.888888888888886,Green,high,,Social stability,2016,base,1.0,1
2016,MAR,Morocco,45.16,0.0,0.0,0.08025132937588858,,0.020062832343972145,chain_transmission_severity_recent [no chain data available],"{'fiscal_stress_score': 0.4375, 'reserve_runway_risk': 0.3125, 'social_stability_risk': 0.25}",Gray,45.16007995605469,0,,,Gray,high,,Social stability,2016,base,1.0,1
2017,IRN,Iran,54.73,0.5790306461905907,0.9777777777777777,0.3002642753325988,,0.6339475320970887,chain_transmission_severity_recent [no chain data available],"{'fiscal_stress_score': 0.4375, 'reserve_runway_risk': 0.3125, 'social_stability_risk': 0.25}",Red,54.72601599522321,130,-75.27398400477679,6.666666666666667,Red,low,,Reserve runway,2017,base,1.0,1
2017,BHR,Bahrain,54.73,0.42393667373449256,0.7833333333333333,0.4366693232449747,,0.5394312922367508,chain_transmission_severity_recent [no chain data available],"{'fiscal_stress_score': 0.4375, 'reserve_runway_risk': 0.3125, 'social_stability_risk': 0.25}",Red,54.72601599522321,95,-40.27398400477679,12.5,Amber,high,,Reserve runway,2017,base,1.0,1
2017,DZA,Algeria,54.73,0.5946221037390873,0.3666666666666667,0.3752451759003854,,0.4685417976942804,chain_transmission_severity_recent [no chain data available],"{'fiscal_stress_score': 0.4375, 'reserve_runway_risk': 0.3125, 'social_stability_risk': 0.25}",Red,54.72601599522321,135,-80.27398400477679,25.0,Amber,medium,,Fiscal stress,2017,base,1.0,1
2017,IRQ,Iraq,54.73,0.5790306461905907,0.0,0.5589635970327974,,0.3930668069665828,chain_transmission_severity_recent [no chain data available],"{'fiscal_stress_score': 0.4375, 'reserve_runway_risk': 0.3125, 'social_stability_risk': 0.25}",Red,54.72601599522321,130,-75.27398400477679,40.0,Green,medium,,Fiscal stress,2017,base,1.0,1
2017,LBY,Libya,54.73,0.5241216000415373,0.0,0.5211007295071426,,0.3595783823949582,chain_transmission_severity_recent [no chain data available],"{'fiscal_stress_score': 0.4375, 'reserve_runway_risk': 0.3125, 'social_stability_risk': 0.25}",Red,54.72601599522321,115,-60.27398400477679,100.0,Green,low,,Fiscal stress,2017,base,1.0,1
2017,OMN,Oman,54.73,0.391933155608631,0.19999999999999996,0.35685427775379186,,0.323184325017224,chain_transmission_severity_recent [no chain data available],"{'fiscal_stress_score': 0.4375, 'reserve_runway_risk': 0.3125, 'social_stability_risk': 0.25}",Red,54.72601599522321,90,-35.27398400477679,30.0,Amber,high,,Fiscal stress,2017,base,1.0,1
2017,SAU,Saudi Arabia,54.73,0.3159248000597099,0.0,0.3494661121859549,,0.22558362807261179,chain_transmission_severity_recent [no chain data available],"{'fiscal_stress_score': 0.4375, 'reserve_runway_risk': 0.3125, 'social_stability_risk': 0.25}",Red,54.72601599522321,80,-25.273984004776793,143.33333333333334,Green,high,,Fiscal stress,2017,base,1.0,1
2017,LBN,Lebanon,54.73,0.0,0.0,0.6709677419354838,,0.16774193548387095,chain_transmission_severity_recent [no chain data available],"{'fiscal_stress_score': 0.4375, 'reserve_runway_risk': 0.3125, 'social_stability_risk': 0.25}",Gray,54.72601599522321,0,,,Gray,low,,Social stability,2017,base,1.0,1
2017,ARE,UAE,54.73,0.15806129238118144,0.0,0.25001476522505184,,0.13165550672302984,chain_transmission_severity_recent [no chain data available],"{'fiscal_stress_score': 0.4375, 'reserve_runway_risk': 0.3125, 'social_stability_risk': 0.25}",Red,54.72601599522321,65,-10.273984004776793,133.33333333333334,Green,high,,Fiscal stress,2017,base,1.0,1
2017,JOR,Jordan,54.73,0.0,0.0,0.4305445503723175,,0.10763613759307937,chain_transmission_severity_recent [no chain data available],"{'fiscal_stress_score': 0.4375, 'reserve_runway_risk': 0.3125, 'social_stability_risk': 0.25}",Gray,54.72601599522321,0,,,Gray,high,,Social stability,2017,base,1.0,1
2017,KWT,Kuwait,54.73,0.0,0.0,0.3699364704381176,,0.0924841176095294,chain_transmission_severity_recent [no chain data available],"{'fiscal_stress_score': 0.4375, 'reserve_runway_risk': 0.3125, 'social_stability_risk': 0.25}",Amber,54.72601599522321,50,4.726015995223207,75.0,Green,high,,Social stability,2017,base,1.0,1
2017,EGY,Egypt,54.73,0.0,0.0,0.34139080239365316,,0.08534770059841329,chain_transmission_severity_recent [no chain data available],"{'fiscal_stress_score': 0.4375, 'reserve_runway_risk': 0.3125, 'social_stability_risk': 0.25}",Amber,54.72601599522321,45,9.726015995223207,38.888888888888886,Green,high,,Social stability,2017,base,1.0,1
2017,QAT,Qatar,54.73,0.00498152735957805,0.0,0.22134705351739312,,0.05751618159916368,chain_transmission_severity_recent [no chain data available],"{'fiscal_stress_score': 0.4375, 'reserve_runway_risk': 0.3125, 'social_stability_risk': 0.25}",Red,54.72601599522321,55,-0.27398400477679274,85.71428571428572,Green,high,,Social stability,2017,base,1.0,1
2017,MAR,Morocco,54.73,0.0,0.0,0.08025132937588858,,0.020062832343972145,chain_transmission_severity_recent [no chain data available],"{'fiscal_stress_score': 0.4375, 'reserve_runway_risk': 0.3125, 'social_stability_risk': 0.25}",Gray,54.72601599522321,0,,,Gray,high,,Social stability,2017,base,1.0,1
2018,IRN,Iran,71.77,0.4479448355307361,0.9777777777777777,0.2609385321346424,,0.5667660541339131,chain_transmission_severity_recent [no chain data available],"{'fiscal_stress_score': 0.4375, 'reserve_runway_risk': 0.3125, 'social_stability_risk': 0.25}",Red,71.7671713810043,130,-58.2328286189957,6.666666666666667,Red,low,,Reserve runway,2018,base,1.0,1
2018,BHR,Bahrain,71.77,0.2445560907262705,0.7833333333333333,0.38285514834250806,,0.447498743445037,chain_transmission_severity_recent [no chain data available],"{'fiscal_stress_score': 0.4375, 'reserve_runway_risk': 0.3125, 'social_stability_risk': 0.25}",Red,71.7671713810043,95,-23.232828618995697,12.5,Amber,high,,Reserve runway,2018,base,1.0,1
2018,DZA,Algeria,71.77,0.4683913231036718,0.3666666666666667,0.33737594170976076,,0.4038485226186299,chain_transmission_severity_recent [no chain data available],"{'fiscal_stress_score': 0.4375, 'reserve_runway_risk': 0.3125, 'social_stability_risk': 0.25}",Red,71.7671713810043,135,-63.2328286189957,25.0,Amber,medium,,Fiscal stress,2018,base,1.0,1
2018,IRQ,Iraq,71.77,0.4479448355307361,0.0,0.5196378538348411,,0.3258853290034073,chain_transmission_severity_recent [no chain data available],"{'fiscal_stress_score': 0.4375, 'reserve_runway_risk': 0.3125, 'social_stability_risk': 0.25}",Red,71.7671713810043,130,-58.2328286189957,40.0,Green,medium,,Fiscal stress,2018,base,1.0,1
2018,LBY,Libya,71.77,0.37593764016518,0.0,0.4766455415442354,,0.2836341029583251,chain_transmission_severity_recent [no chain data available],"{'fiscal_stress_score': 0.4375, 'reserve_runway_risk': 0.3125, 'social_stability_risk': 0.25}",Red,71.7671713810043,115,-43.2328286189957,100.0,Green,low,,Fiscal stress,2018,base,1.0,1
2018,OMN,Oman,71.77,0.20258698465550776,0.19999999999999996,0.3000504264678549,,0.22614441240374833,chain_transmission_severity_recent [no chain data available],"{'fiscal_stress_score': 0.4375, 'reserve_runway_risk': 0.3125, 'social_stability_risk': 0.25}",Red,71.7671713810043,90,-18.232828618995697,30.0,Amber,high,,Fiscal stress,2018,base,1.0,1
2018,LBN,Lebanon,71.77,0.0,0.0,0.6709677419354838,,0.16774193548387095,chain_transmission_severity_recent [no chain data available],"{'fiscal_stress_score': 0.4375, 'reserve_runway_risk': 0.3125, 'social_stability_risk': 0.25}",Gray,71.7671713810043,0,,,Gray,low,,Social stability,2018,base,1.0,1
2018,SAU,Saudi Arabia,71.77,0.10291035773744621,0.0,0.28556177948927586,,0.11641372638245168,chain_transmission_severity_recent [no chain data available],"{'fiscal_stress_score': 0.4375, 'reserve_runway_risk': 0.3125, 'social_stability_risk': 0.25}",Red,71.7671713810043,80,-8.232828618995697,143.33333333333334,Green,high,,Social stability,2018,base,1.0,1
2018,JOR,Jordan,71.77,0.0,0.0,0.4305445503723175,,0.10763613759307937,chain_transmission_severity_recent [no chain data available],"{'fiscal_stress_score': 0.4375, 'reserve_runway_risk': 0.3125, 'social_stability_risk': 0.25}",Gray,71.7671713810043,0,,,Gray,high,,Social stability,2018,base,1.0,1
2018,KWT,Kuwait,71.77,0.0,0.0,0.3699364704381176,,0.0924841176095294,chain_transmission_severity_recent [no chain data available],"{'fiscal_stress_score': 0.4375, 'reserve_runway_risk': 0.3125, 'social_stability_risk': 0.25}",Green,71.7671713810043,50,21.767171381004303,,Gray,high,,Social stability,2018,base,1.0,1
2018,EGY,Egypt,71.77,0.0,0.0,0.34139080239365316,,0.08534770059841329,chain_transmission_severity_recent [no chain data available],"{'fiscal_stress_score': 0.4375, 'reserve_runway_risk': 0.3125, 'social_stability_risk': 0.25}",Green,71.7671713810043,45,26.767171381004303,,Gray,high,,Social stability,2018,base,1.0,1
2018,QAT,Qatar,71.77,0.0,0.0,0.2198525953095197,,0.054963148827379925,chain_transmission_severity_recent [no chain data available],"{'fiscal_stress_score': 0.4375, 'reserve_runway_risk': 0.3125, 'social_stability_risk': 0.25}",Green,71.7671713810043,55,16.767171381004303,,Gray,high,,Social stability,2018,base,1.0,1
2018,ARE,UAE,71.77,0.0,0.0,0.20259637751069742,,0.050649094377674356,chain_transmission_severity_recent [no chain data available],"{'fiscal_stress_score': 0.4375, 'reserve_runway_risk': 0.3125, 'social_stability_risk': 0.25}",Amber,71.7671713810043,65,6.767171381004303,133.33333333333334,Green,high,,Social stability,2018,base,1.0,1
2018,MAR,Morocco,71.77,0.0,0.0,0.08025132937588858,,0.020062832343972145,chain_transmission_severity_recent [no chain data available],"{'fiscal_stress_score': 0.4375, 'reserve_runway_risk': 0.3125, 'social_stability_risk': 0.25}",Gray,71.7671713810043,0,,,Gray,high,,Social stability,2018,base,1.0,1
2019,IRN,Iran,64.16,0.5064566544706277,0.9777777777777777,0.2784920778166099,,0.5967533613406075,chain_transmission_severity_recent [no chain data available],"{'fiscal_stress_score': 0.4375, 'reserve_runway_risk': 0.3125, 'social_stability_risk': 0.25}",Red,64.1606349188184,130,-65.8393650811816,6.666666666666667,Red,low,,Reserve runway,2019,base,1.0,1
2019,BHR,Bahrain,64.16,0.32462489559138524,0.7833333333333333,0.4068757898020425,,0.4885340059384083,chain_transmission_severity_recent [no chain data available],"{'fiscal_stress_score': 0.4375, 'reserve_runway_risk': 0.3125, 'social_stability_risk': 0.25}",Red,64.1606349188184,95,-30.839365081181597,12.5,Amber,high,,Reserve runway,2019,base,1.0,1
2019,DZA,Algeria,64.16,0.5247360376383822,0.3666666666666667,0.35427935607017386,,0.43272518881766897,chain_transmission_severity_recent [no chain data available],"{'fiscal_stress_score': 0.4375, 'reserve_runway_risk': 0.3125, 'social_stability_risk': 0.25}",Red,64.1606349188184,135,-70.8393650811816,25.0,Amber,medium,,Fiscal stress,2019,base,1.0,1
2019,IRQ,Iraq,64.16,0.5064566544706277,0.0,0.5371913995168085,,0.3558726362101017,chain_transmission_severity_recent [no chain data available],"{'fiscal_stress_score': 0.4375, 'reserve_runway_risk': 0.3125, 'social_stability_risk': 0.25}",Red,64.1606349188184,130,-65.8393650811816,40.0,Green,medium,,Fiscal stress,2019,base,1.0,1
2019,LBY,Libya,64.16,0.4420814354885356,0.0,0.4964886801412421,,0.31753279806154483,chain_transmission_severity_recent [no chain data available],"{'fiscal_stress_score': 0.4375, 'reserve_runway_risk': 0.3125, 'social_stability_risk': 0.25}",Red,64.1606349188184,115,-50.8393650811816,100.0,Green,low,,Fiscal stress,2019,base,1.0,1
2019,OMN,Oman,64.16,0.2871040564575733,0.19999999999999996,0.32540554800847454,,0.2694594117023069,chain_transmission_severity_recent [no chain data available],"{'fiscal_stress_score': 0.4375, 'reserve_runway_risk': 0.3125, 'social_stability_risk': 0.25}",Red,64.1606349188184,90,-25.839365081181597,30.0,Amber,high,,Fiscal stress,2019,base,1.0,1
2019,LBN,Lebanon,64.16,0.0,0.0,0.6709677419354838,,0.16774193548387095,chain_transmission_severity_recent [no chain data available],"{'fiscal_stress_score': 0.4375, 'reserve_runway_risk': 0.3125, 'social_stability_risk': 0.25}",Gray,64.1606349188184,0,,,Gray,low,,Social stability,2019,base,1.0,1
2019,SAU,Saudi Arabia,64.16,0.19799206351476997,0.0,0.31408629122247295,,0.1651431005933301,chain_transmission_severity_recent [no chain data available],"{'fiscal_stress_score': 0.4375, 'reserve_runway_risk': 0.3125, 'social_stability_risk': 0.25}",Red,64.1606349188184,80,-15.839365081181597,143.33333333333334,Green,high,,Mixed,2019,base,1.0,1
2019,JOR,Jordan,64.16,0.0,0.0,0.4305445503723175,,0.10763613759307937,chain_transmission_severity_recent [no chain data available],"{'fiscal_stress_score': 0.4375, 'reserve_runway_risk': 0.3125, 'social_stability_risk': 0.25}",Gray,64.1606349188184,0,,,Gray,high,,Social stability,2019,base,1.0,1
2019,KWT,Kuwait,64.16,0.0,0.0,0.3699364704381176,,0.0924841176095294,chain_transmission_severity_recent [no chain data available],"{'fiscal_stress_score': 0.4375, 'reserve_runway_risk': 0.3125, 'social_stability_risk': 0.25}",Amber,64.1606349188184,50,14.160634918818403,75.0,Green,high,,Social stability,2019,base,1.0,1
2019,EGY,Egypt,64.16,0.0,0.0,0.34139080239365316,,0.08534770059841329,chain_transmission_severity_recent [no chain data available],"{'fiscal_stress_score': 0.4375, 'reserve_runway_risk': 0.3125, 'social_stability_risk': 0.25}",Green,64.1606349188184,45,19.160634918818403,,Gray,high,,Social stability,2019,base,1.0,1
2019,ARE,UAE,64.16,0.012913308941255345,0.0,0.20647037019307402,,0.057267165210067715,chain_transmission_severity_recent [no chain data available],"{'fiscal_stress_score': 0.4375, 'reserve_runway_risk': 0.3125, 'social_stability_risk': 0.25}",Red,64.1606349188184,65,-0.8393650811815974,133.33333333333334,Green,high,,Social stability,2019,base,1.0,1
2019,QAT,Qatar,64.16,0.0,0.0,0.2198525953095197,,0.054963148827379925,chain_transmission_severity_recent [no chain data available],"{'fiscal_stress_score': 0.4375, 'reserve_runway_risk': 0.3125, 'social_stability_risk': 0.25}",Amber,64.1606349188184,55,9.160634918818403,85.71428571428572,Green,high,,Social stability,2019,base,1.0,1
2019,MAR,Morocco,64.16,0.0,0.0,0.08025132937588858,,0.020062832343972145,chain_transmission_severity_recent [no chain data available],"{'fiscal_stress_score': 0.4375, 'reserve_runway_risk': 0.3125, 'social_stability_risk': 0.25}",Gray,64.1606349188184,0,,,Gray,high,,Social stability,2019,base,1.0,1
2020,IRN,Iran,43.09,0.6685633924675045,0.9777777777777777,0.3271240992156729,,0.6798330645640069,chain_transmission_severity_recent [no chain data available],"{'fiscal_stress_score': 0.4375, 'reserve_runway_risk': 0.3125, 'social_stability_risk': 0.25}",Red,43.086758979224406,130,-86.91324102077559,6.666666666666667,Red,low,,Mixed,2020,base,1.0,1
2020,BHR,Bahrain,43.09,0.5464551686397431,0.7833333333333333,0.47342487171654984,,0.6022220208756917,chain_transmission_severity_recent [no chain data available],"{'fiscal_stress_score': 0.4375, 'reserve_runway_risk': 0.3125, 'social_stability_risk': 0.25}",Red,43.086758979224406,95,-51.913241020775594,12.5,Amber,high,,Mixed,2020,base,1.0,1
2020,DZA,Algeria,43.09,0.6808388223761155,0.3666666666666667,0.40111019149149385,,0.5127278659957573,chain_transmission_severity_recent [no chain data available],"{'fiscal_stress_score': 0.4375, 'reserve_runway_risk': 0.3125, 'social_stability_risk': 0.25}",Red,43.086758979224406,135,-91.91324102077559,25.0,Amber,medium,,Fiscal stress,2020,base,1.0,1
2020,IRQ,Iraq,43.09,0.6685633924675045,0.0,0.5858234209158716,,0.4389523394335011,chain_transmission_severity_recent [no chain data available],"{'fiscal_stress_score': 0.4375, 'reserve_runway_risk': 0.3125, 'social_stability_risk': 0.25}",Red,43.086758979224406,130,-86.91324102077559,40.0,Green,medium,,Fiscal stress,2020,base,1.0,1
2020,LBY,Libya,43.09,0.6253325306154399,0.0,0.5514640086793134,,0.4114489843140833,chain_transmission_severity_recent [no chain data available],"{'fiscal_stress_score': 0.4375, 'reserve_runway_risk': 0.3125, 'social_stability_risk': 0.25}",Red,43.086758979224406,115,-71.91324102077559,100.0,Green,low,,Fiscal stress,2020,base,1.0,1
2020,OMN,Oman,43.09,0.5212582335641732,0.19999999999999996,0.3956518011404545,,0.38946342746943935,chain_transmission_severity_recent [no chain data available],"{'fiscal_stress_score': 0.4375, 'reserve_runway_risk': 0.3125, 'social_stability_risk': 0.25}",Red,43.086758979224406,90,-46.913241020775594,30.0,Amber,high,,Fiscal stress,2020,base,1.0,1
2020,SAU,Saudi Arabia,43.09,0.46141551275969495,0.0,0.39311332599595045,,0.3001476183313541,chain_transmission_severity_recent [no chain data available],"{'fiscal_stress_score': 0.4375, 'reserve_runway_risk': 0.3125, 'social_stability_risk': 0.25}",Red,43.086758979224406,80,-36.913241020775594,143.33333333333334,Green,high,,Fiscal stress,2020,base,1.0,1
2020,ARE,UAE,43.09,0.33712678493500914,0.0,0.30373441299120013,,0.22342657165686652,chain_transmission_severity_recent [no chain data available],"{'fiscal_stress_score': 0.4375, 'reserve_runway_risk': 0.3125, 'social_stability_risk': 0.25}",Red,43.086758979224406,65,-21.913241020775594,133.33333333333334,Green,high,,Fiscal stress,2020,base,1.0,1
2020,LBN,Lebanon,43.09,0.0,0.0,0.6709677419354838,,0.16774193548387095,chain_transmission_severity_recent [no chain data available],"{'fiscal_stress_score': 0.4375, 'reserve_runway_risk': 0.3125, 'social_stability_risk': 0.25}",Gray,43.086758979224406,0,,,Gray,low,,Social stability,2020,base,1.0,1
2020,QAT,Qatar,43.09,0.21660438219591988,0.0,0.28483390996829566,,0.16597289470278886,chain_transmission_severity_recent [no chain data available],"{'fiscal_stress_score': 0.4375, 'reserve_runway_risk': 0.3125, 'social_stability_risk': 0.25}",Red,43.086758979224406,55,-11.913241020775594,85.71428571428572,Green,high,,Fiscal stress,2020,base,1.0,1
2020,KWT,Kuwait,43.09,0.13826482041551189,0.0,0.41141591656277116,,0.16334483807247924,chain_transmission_severity_recent [no chain data available],"{'fiscal_stress_score': 0.4375, 'reserve_runway_risk': 0.3125, 'social_stability_risk': 0.25}",Red,43.086758979224406,50,-6.913241020775594,75.0,Green,high,,Social stability,2020,base,1.0,1
2020,JOR,Jordan,43.09,0.0,0.0,0.4305445503723175,,0.10763613759307937,chain_transmission_severity_recent [no chain data available],"{'fiscal_stress_score': 0.4375, 'reserve_runway_risk': 0.3125, 'social_stability_risk': 0.25}",Gray,43.086758979224406,0,,,Gray,high,,Social stability,2020,base,1.0,1
2020,EGY,Egypt,43.09,0.04251646712834653,0.0,0.35414574253215714,,0.1071373900016909,chain_transmission_severity_recent [no chain data available],"{'fiscal_stress_score': 0.4375, 'reserve_runway_risk': 0.3125, 'social_stability_risk': 0.25}",Red,43.086758979224406,45,-1.9132410207755939,38.888888888888886,Green,high,,Social stability,2020,base,1.0,1
2020,MAR,Morocco,43.09,0.0,0.0,0.08025132937588858,,0.020062832343972145,chain_transmission_severity_recent [no chain data available],"{'fiscal_stress_score': 0.4375, 'reserve_runway_risk': 0.3125, 'social_stability_risk': 0.25}",Gray,43.086758979224406,0,,,Gray,high,,Social stability,2020,base,1.0,1
2021,IRN,Iran,70.95,0.454201466696603,0.9777777777777777,0.26281552148440246,,0.56997257760642,chain_transmission_severity_recent [no chain data available],"{'fiscal_stress_score': 0.4375, 'reserve_runway_risk': 0.3125, 'social_stability_risk': 0.25}",Red,70.95380932944161,130,-59.04619067055839,6.666666666666667,Red,low,,Reserve runway,2021,base,1.0,1
2021,BHR,Bahrain,70.95,0.2531177965321936,0.7833333333333333,0.385423660084285,,0.4518866176705726,chain_transmission_severity_recent [no chain data available],"{'fiscal_stress_score': 0.4375, 'reserve_runway_risk': 0.3125, 'social_stability_risk': 0.25}",Red,70.95380932944161,95,-24.04619067055839,12.5,Amber,high,,Reserve runway,2021,base,1.0,1
2021,DZA,Algeria,70.95,0.4744162271893214,0.3666666666666667,0.3391834129354556,,0.40693628596252535,chain_transmission_severity_recent [no chain data available],"{'fiscal_stress_score': 0.4375, 'reserve_runway_risk': 0.3125, 'social_stability_risk': 0.25}",Red,70.95380932944161,135,-64.04619067055839,25.0,Amber,medium,,Fiscal stress,2021,base,1.0,1
2021,IRQ,Iraq,70.95,0.454201466696603,0.0,0.5215148431846011,,0.32909185247591405,chain_transmission_severity_recent [no chain data available],"{'fiscal_stress_score': 0.4375, 'reserve_runway_risk': 0.3125, 'social_stability_risk': 0.25}",Red,70.95380932944161,130,-59.04619067055839,40.0,Green,medium,,Fiscal stress,2021,base,1.0,1
2021,LBY,Libya,70.95,0.38301035365702946,0.0,0.47876735559179023,,0.2872588686228979,chain_transmission_severity_recent [no chain data available],"{'fiscal_stress_score': 0.4375, 'reserve_runway_risk': 0.3125, 'social_stability_risk': 0.25}",Red,70.95380932944161,115,-44.04619067055839,100.0,Green,low,,Fiscal stress,2021,base,1.0,1
2021,OMN,Oman,70.95,0.2116243407839821,0.19999999999999996,0.30276163330639716,,0.23077605741959145,chain_transmission_severity_recent [no chain data available],"{'fiscal_stress_score': 0.4375, 'reserve_runway_risk': 0.3125, 'social_stability_risk': 0.25}",Red,70.95380932944161,90,-19.04619067055839,30.0,Amber,high,,Fiscal stress,2021,base,1.0,1
2021,LBN,Lebanon,70.95,0.0,0.0,0.6709677419354838,,0.16774193548387095,chain_transmission_severity_recent [no chain data available],"{'fiscal_stress_score': 0.4375, 'reserve_runway_risk': 0.3125, 'social_stability_risk': 0.25}",Gray,70.95380932944161,0,,,Gray,low,,Social stability,2021,base,1.0,1
2021,SAU,Saudi Arabia,70.95,0.11307738338197985,0.0,0.2886118871826359,,0.12162432702527516,chain_transmission_severity_recent [no chain data available],"{'fiscal_stress_score': 0.4375, 'reserve_runway_risk': 0.3125, 'social_stability_risk': 0.25}",Red,70.95380932944161,80,-9.046190670558389,143.33333333333334,Green,high,,Social stability,2021,base,1.0,1
2021,JOR,Jordan,70.95,0.0,0.0,0.4305445503723175,,0.10763613759307937,chain_transmission_severity_recent [no chain data available],"{'fiscal_stress_score': 0.4375, 'reserve_runway_risk': 0.3125, 'social_stability_risk': 0.25}",Gray,70.95380932944161,0,,,Gray,high,,Social stability,2021,base,1.0,1
2021,KWT,Kuwait,70.95,0.0,0.0,0.3699364704381176,,0.0924841176095294,chain_transmission_severity_recent [no chain data available],"{'fiscal_stress_score': 0.4375, 'reserve_runway_risk': 0.3125, 'social_stability_risk': 0.25}",Green,70.95380932944161,50,20.95380932944161,,Gray,high,,Social stability,2021,base,1.0,1
2021,EGY,Egypt,70.95,0.0,0.0,0.34139080239365316,,0.08534770059841329,chain_transmission_severity_recent [no chain data available],"{'fiscal_stress_score': 0.4375, 'reserve_runway_risk': 0.3125, 'social_stability_risk': 0.25}",Green,70.95380932944161,45,25.95380932944161,,Gray,high,,Social stability,2021,base,1.0,1
2021,QAT,Qatar,70.95,0.0,0.0,0.2198525953095197,,0.054963148827379925,chain_transmission_severity_recent [no chain data available],"{'fiscal_stress_score': 0.4375, 'reserve_runway_risk': 0.3125, 'social_stability_risk': 0.25}",Green,70.95380932944161,55,15.953809329441611,,Gray,high,,Social stability,2021,base,1.0,1
2021,ARE,UAE,70.95,0.0,0.0,0.20259637751069742,,0.050649094377674356,chain_transmission_severity_recent [no chain data available],"{'fiscal_stress_score': 0.4375, 'reserve_runway_risk': 0.3125, 'social_stability_risk': 0.25}",Amber,70.95380932944161,65,5.9538093294416115,133.33333333333334,Green,high,,Social stability,2021,base,1.0,1
2021,MAR,Morocco,70.95,0.0,0.0,0.08025132937588858,,0.020062832343972145,chain_transmission_severity_recent [no chain data available],"{'fiscal_stress_score': 0.4375, 'reserve_runway_risk': 0.3125, 'social_stability_risk': 0.25}",Gray,70.95380932944161,0,,,Gray,high,,Social stability,2021,base,1.0,1
2022,IRN,Iran,98.97,0.23872050297906935,0.9777777777777777,0.19817123236914233,,0.45953858370118394,chain_transmission_severity_recent [no chain data available],"{'fiscal_stress_score': 0.4375, 'reserve_runway_risk': 0.3125, 'social_stability_risk': 0.25}",Red,98.96633461272098,130,-31.033665387279015,6.666666666666667,Red,low,,Reserve runway,2022,base,1.0,1
2022,BHR,Bahrain,98.97,0.0,0.7833333333333333,0.30948832112462693,,0.3221637469478234,chain_transmission_severity_recent [no chain data available],"{'fiscal_stress_score': 0.4375, 'reserve_runway_risk': 0.3125, 'social_stability_risk': 0.25}",Amber,98.96633461272098,95,3.966334612720985,12.5,Amber,high,,Reserve runway,2022,base,1.0,1
2022,DZA,Algeria,98.97,0.2669160399057705,0.3666666666666667,0.2769333567503904,,0.30059243997970553,chain_transmission_severity_recent [no chain data available],"{'fiscal_stress_score': 0.4375, 'reserve_runway_risk': 0.3125, 'social_stability_risk': 0.25}",Red,98.96633461272098,135,-36.033665387279015,25.0,Amber,medium,,Mixed,2022,base,1.0,1
2022,IRQ,Iraq,98.97,0.23872050297906935,0.0,0.456870554069341,,0.2186578585706781,chain_transmission_severity_recent [no chain data available],"{'fiscal_stress_score': 0.4375, 'reserve_runway_risk': 0.3125, 'social_stability_risk': 0.25}",Red,98.96633461272098,130,-31.033665387279015,40.0,Green,medium,,Mixed,2022,base,1.0,1
2022,LBN,Lebanon,98.97,0.0,0.0,0.6709677419354838,,0.16774193548387095,chain_transmission_severity_recent [no chain data available],"{'fiscal_stress_score': 0.4375, 'reserve_runway_risk': 0.3125, 'social_stability_risk': 0.25}",Gray,98.96633461272098,0,,,Gray,low,,Social stability,2022,base,1.0,1
2022,LBY,Libya,98.97,0.1394231772806871,0.0,0.40569120267888753,,0.1624204407300225,chain_transmission_severity_recent [no chain data available],"{'fiscal_stress_score': 0.4375, 'reserve_runway_risk': 0.3125, 'social_stability_risk': 0.25}",Red,98.96633461272098,115,-16.033665387279015,100.0,Green,low,,Social stability,2022,base,1.0,1
2022,OMN,Oman,98.97,0.0,0.19999999999999996,0.23927433107120258,,0.12231858276780064,chain_transmission_severity_recent [no chain data available],"{'fiscal_stress_score': 0.4375, 'reserve_runway_risk': 0.3125, 'social_stability_risk': 0.25}",Amber,98.96633461272098,90,8.966334612720985,30.0,Amber,high,,Mixed,2022,base,1.0,1
2022,JOR,Jordan,98.97,0.0,0.0,0.4305445503723175,,0.10763613759307937,chain_transmission_severity_recent [no chain data available],"{'fiscal_stress_score': 0.4375, 'reserve_runway_risk': 0.3125, 'social_stability_risk': 0.25}",Gray,98.96633461272098,0,,,Gray,high,,Social stability,2022,base,1.0,1
2022,KWT,Kuwait,98.97,0.0,0.0,0.3699364704381176,,0.0924841176095294,chain_transmission_severity_recent [no chain data available],"{'fiscal_stress_score': 0.4375, 'reserve_runway_risk': 0.3125, 'social_stability_risk': 0.25}",Green,98.96633461272098,50,48.966334612720985,,Gray,high,,Social stability,2022,base,1.0,1
2022,EGY,Egypt,98.97,0.0,0.0,0.34139080239365316,,0.08534770059841329,chain_transmission_severity_recent [no chain data available],"{'fiscal_stress_score': 0.4375, 'reserve_runway_risk': 0.3125, 'social_stability_risk': 0.25}",Green,98.96633461272098,45,53.966334612720985,,Gray,high,,Social stability,2022,base,1.0,1
2022,SAU,Saudi Arabia,98.97,0.0,0.0,0.254688672168042,,0.0636721680420105,chain_transmission_severity_recent [no chain data available],"{'fiscal_stress_score': 0.4375, 'reserve_runway_risk': 0.3125, 'social_stability_risk': 0.25}",Green,98.96633461272098,80,18.966334612720985,,Gray,high,,Social stability,2022,base,1.0,1
2022,QAT,Qatar,98.97,0.0,0.0,0.2198525953095197,,0.054963148827379925,chain_transmission_severity_recent [no chain data available],"{'fiscal_stress_score': 0.4375, 'reserve_runway_risk': 0.3125, 'social_stability_risk': 0.25}",Green,98.96633461272098,55,43.966334612720985,,Gray,high,,Social stability,2022,base,1.0,1
2022,ARE,UAE,98.97,0.0,0.0,0.20259637751069742,,0.050649094377674356,chain_transmission_severity_recent [no chain data available],"{'fiscal_stress_score': 0.4375, 'reserve_runway_risk': 0.3125, 'social_stability_risk': 0.25}",Green,98.96633461272098,65,33.966334612720985,,Gray,high,,Social stability,2022,base,1.0,1
2022,MAR,Morocco,98.97,0.0,0.0,0.08025132937588858,,0.020062832343972145,chain_transmission_severity_recent [no chain data available],"{'fiscal_stress_score': 0.4375, 'reserve_runway_risk': 0.3125, 'social_stability_risk': 0.25}",Gray,98.96633461272098,0,,,Gray,high,,Social stability,2022,base,1.0,1
2023,IRN,Iran,82.19,0.3677658602462895,0.9777777777777777,0.23688483954930836,,0.5256743293006343,chain_transmission_severity_recent [no chain data available],"{'fiscal_stress_score': 0.4375, 'reserve_runway_risk': 0.3125, 'social_stability_risk': 0.25}",Red,82.19043816798236,130,-47.809561832017636,6.666666666666667,Red,low,,Reserve runway,2023,base,1.0,1
2023,BHR,Bahrain,82.19,0.1348374929686067,0.7833333333333333,0.34993956901520895,,0.3912679620942343,chain_transmission_severity_recent [no chain data available],"{'fiscal_stress_score': 0.4375, 'reserve_runway_risk': 0.3125, 'social_stability_risk': 0.25}",Red,82.19043816798236,95,-12.809561832017636,12.5,Amber,high,,Reserve runway,2023,base,1.0,1
2023,DZA,Algeria,82.19,0.39118193949642693,0.3666666666666667,0.31421312662758727,,0.3642787135199169,chain_transmission_severity_recent [no chain data available],"{'fiscal_stress_score': 0.4375, 'reserve_runway_risk': 0.3125, 'social_stability_risk': 0.25}",Red,82.19043816798236,135,-52.809561832017636,25.0,Amber,medium,,Fiscal stress,2023,base,1.0,1
2023,IRQ,Iraq,82.19,0.3677658602462895,0.0,0.49558416124950705,,0.2847936041701284,chain_transmission_severity_recent [no chain data available],"{'fiscal_stress_score': 0.4375, 'reserve_runway_risk': 0.3125, 'social_stability_risk': 0.25}",Red,82.19043816798236,130,-47.809561832017636,40.0,Green,medium,,Fiscal stress,2023,base,1.0,1
2023,LBY,Libya,82.19,0.2853005376697186,0.0,0.44945441079559695,,0.2371825879294011,chain_transmission_severity_recent [no chain data available],"{'fiscal_stress_score': 0.4375, 'reserve_runway_risk': 0.3125, 'social_stability_risk': 0.25}",Red,82.19043816798236,115,-32.809561832017636,100.0,Green,low,,Fiscal stress,2023,base,1.0,1
2023,LBN,Lebanon,82.19,0.0,0.0,0.6709677419354838,,0.16774193548387095,chain_transmission_severity_recent [no chain data available],"{'fiscal_stress_score': 0.4375, 'reserve_runway_risk': 0.3125, 'social_stability_risk': 0.25}",Gray,82.19043816798236,0,,,Gray,low,,Social stability,2023,base,1.0,1
2023,OMN,Oman,82.19,0.0867729092446404,0.19999999999999996,0.2653062038445947,,0.16678969875567884,chain_transmission_severity_recent [no chain data available],"{'fiscal_stress_score': 0.4375, 'reserve_runway_risk': 0.3125, 'social_stability_risk': 0.25}",Red,82.19043816798236,90,-7.809561832017636,30.0,Amber,high,,Mixed,2023,base,1.0,1
2023,JOR,Jordan,82.19,0.0,0.0,0.4305445503723175,,0.10763613759307937,chain_transmission_severity_recent [no chain data available],"{'fiscal_stress_score': 0.4375, 'reserve_runway_risk': 0.3125, 'social_stability_risk': 0.25}",Gray,82.19043816798236,0,,,Gray,high,,Social stability,2023,base,1.0,1
2023,KWT,Kuwait,82.19,0.0,0.0,0.3699364704381176,,0.0924841176095294,chain_transmission_severity_recent [no chain data available],"{'fiscal_stress_score': 0.4375, 'reserve_runway_risk': 0.3125, 'social_stability_risk': 0.25}",Green,82.19043816798236,50,32.190438167982364,,Gray,high,,Social stability,2023,base,1.0,1
2023,EGY,Egypt,82.19,0.0,0.0,0.34139080239365316,,0.08534770059841329,chain_transmission_severity_recent [no chain data available],"{'fiscal_stress_score': 0.4375, 'reserve_runway_risk': 0.3125, 'social_stability_risk': 0.25}",Green,82.19043816798236,45,37.190438167982364,,Gray,high,,Social stability,2023,base,1.0,1
2023,SAU,Saudi Arabia,82.19,0.0,0.0,0.254688672168042,,0.0636721680420105,chain_transmission_severity_recent [no chain data available],"{'fiscal_stress_score': 0.4375, 'reserve_runway_risk': 0.3125, 'social_stability_risk': 0.25}",Amber,82.19043816798236,80,2.1904381679823643,143.33333333333334,Green,high,,Social stability,2023,base,1.0,1
2023,QAT,Qatar,82.19,0.0,0.0,0.2198525953095197,,0.054963148827379925,chain_transmission_severity_recent [no chain data available],"{'fiscal_stress_score': 0.4375, 'reserve_runway_risk': 0.3125, 'social_stability_risk': 0.25}",Green,82.19043816798236,55,27.190438167982364,,Gray,high,,Social stability,2023,base,1.0,1
2023,ARE,UAE,82.19,0.0,0.0,0.20259637751069742,,0.050649094377674356,chain_transmission_severity_recent [no chain data available],"{'fiscal_stress_score': 0.4375, 'reserve_runway_risk': 0.3125, 'social_stability_risk': 0.25}",Green,82.19043816798236,65,17.190438167982364,,Gray,high,,Social stability,2023,base,1.0,1
2023,MAR,Morocco,82.19,0.0,0.0,0.08025132937588858,,0.020062832343972145,chain_transmission_severity_recent [no chain data available],"{'fiscal_stress_score': 0.4375, 'reserve_runway_risk': 0.3125, 'social_stability_risk': 0.25}",Gray,82.19043816798236,0,,,Gray,high,,Social stability,2023,base,1.0,1
2024,IRN,Iran,79.82,0.3859899260040023,0.9777777777777777,0.2423520592766222,0.4098708960589548,0.5099855096129606,,"{'fiscal_stress_score': 0.35, 'reserve_runway_risk': 0.25, 'social_stability_risk': 0.2, 'chain_transmission_severity_recent': 0.2}",Red,79.8213096194797,130,-50.178690380520294,6.666666666666667,Red,low,0.3055850489754248,Reserve runway,2024,base,1.0,0
2024,BHR,Bahrain,79.82,0.1597756882160031,0.7833333333333333,0.35742102758942784,0.35499356031732526,0.39423774179028503,,"{'fiscal_stress_score': 0.35, 'reserve_runway_risk': 0.25, 'social_stability_risk': 0.2, 'chain_transmission_severity_recent': 0.2}",Red,79.8213096194797,95,-15.178690380520294,12.5,Amber,high,0.2766695084260557,Reserve runway,2024,base,1.0,0
2024,DZA,Algeria,79.82,0.40873103985570586,0.3666666666666667,0.319477856735371,0.4174661933394627,0.38211134063113045,,"{'fiscal_stress_score': 0.35, 'reserve_runway_risk': 0.25, 'social_stability_risk': 0.2, 'chain_transmission_severity_recent': 0.2}",Red,79.8213096194797,135,-55.178690380520294,25.0,Amber,medium,0.3095871041687209,Fiscal stress,2024,base,1.0,0
2024,LBY,Libya,79.82,0.30590165548278514,0.0,0.45563474613951693,0.893683776686857,0.3769292839842496,,"{'fiscal_stress_score': 0.35, 'reserve_runway_risk': 0.25, 'social_stability_risk': 0.2, 'chain_transmission_severity_recent': 0.2}",Red,79.8213096194797,115,-35.178690380520294,100.0,Green,low,0.5605119833654026,Chain transmission,2024,base,1.0,0
2024,IRQ,Iraq,79.82,0.3859899260040023,0.0,0.5010513809768209,0.5337188342972433,0.34205051715621365,,"{'fiscal_stress_score': 0.35, 'reserve_runway_risk': 0.25, 'social_stability_risk': 0.2, 'chain_transmission_severity_recent': 0.2}",Red,79.8213096194797,130,-50.178690380520294,40.0,Green,medium,0.3708420449955208,Fiscal stress,2024,base,1.0,0
2024,LBN,Lebanon,79.82,0.0,0.0,0.6709677419354838,1.0,0.3341935483870968,,"{'fiscal_stress_score': 0.35, 'reserve_runway_risk': 0.25, 'social_stability_risk': 0.2, 'chain_transmission_severity_recent': 0.2}",Gray,79.8213096194797,0,,,Gray,low,0.6165313039960671,Chain transmission,2024,base,1.0,0
2024,OMN,Oman,79.82,0.11309655978355883,0.19999999999999996,0.2732032990062702,0.20403825434301923,0.18503210659410346,,"{'fiscal_stress_score': 0.35, 'reserve_runway_risk': 0.25, 'social_stability_risk': 0.2, 'chain_transmission_severity_recent': 0.2}",Red,79.8213096194797,90,-10.178690380520294,30.0,Amber,high,0.1971293082313286,Mixed,2024,base,1.0,0
2024,EGY,Egypt,79.82,0.0,0.0,0.34139080239365316,0.315040621849706,0.13128628484867183,,"{'fiscal_stress_score': 0.35, 'reserve_runway_risk': 0.25, 'social_stability_risk': 0.2, 'chain_transmission_severity_recent': 0.2}",Green,79.8213096194797,45,34.821309619479706,,Gray,high,0.2556178156513549,Mixed,2024,base,1.0,0
2024,JOR,Jordan,79.82,0.0,0.0,0.4305445503723175,0.22075760491491342,0.1302604310574462,,"{'fiscal_stress_score': 0.35, 'reserve_runway_risk': 0.25, 'social_stability_risk': 0.2, 'chain_transmission_severity_recent': 0.2}",Gray,79.8213096194797,0,,,Gray,high,0.2059389388900922,Social stability,2024,base,1.0,0
2024,SAU,Saudi Arabia,79.82,0.0022336297565036744,0.0,0.25535876109499306,0.11226284275414222,0.07430609118460335,,"{'fiscal_stress_score': 0.35, 'reserve_runway_risk': 0.25, 'social_stability_risk': 0.2, 'chain_transmission_severity_recent': 0.2}",Red,79.8213096194797,80,-0.17869038052029396,143.33333333333334,Green,high,0.148771719449552,Social stability,2024,base,1.0,0
2024,KWT,Kuwait,79.82,0.0,0.0,0.3699364704381176,0.0,0.07398729408762353,,"{'fiscal_stress_score': 0.35, 'reserve_runway_risk': 0.25, 'social_stability_risk': 0.2, 'chain_transmission_severity_recent': 0.2}",Green,79.8213096194797,50,29.821309619479706,,Gray,high,0.0896190521785287,Social stability,2024,base,1.0,0
2024,ARE,UAE,79.82,0.0,0.0,0.20259637751069742,0.04159252635237118,0.04883778077261373,,"{'fiscal_stress_score': 0.35, 'reserve_runway_risk': 0.25, 'social_stability_risk': 0.2, 'chain_transmission_severity_recent': 0.2}",Amber,79.8213096194797,65,14.821309619479706,133.33333333333334,Green,high,0.1115346638976369,Social stability,2024,base,1.0,0
2024,QAT,Qatar,79.82,0.0,0.0,0.2198525953095197,0.018118425713466262,0.047594204204597194,,"{'fiscal_stress_score': 0.35, 'reserve_runway_risk': 0.25, 'social_stability_risk': 0.2, 'chain_transmission_severity_recent': 0.2}",Green,79.8213096194797,55,24.821309619479706,,Gray,high,0.0991658726706,Social stability,2024,base,1.0,0
2024,MAR,Morocco,79.82,0.0,0.0,0.08025132937588858,0.11540790601769897,0.039131847078717516,,"{'fiscal_stress_score': 0.35, 'reserve_runway_risk': 0.25, 'social_stability_risk': 0.2, 'chain_transmission_severity_recent': 0.2}",Gray,79.8213096194797,0,,,Gray,high,0.1504288918158613,Chain transmission,2024,base,1.0,0
